Date,Close,gain
1/5/2010,1616.8,-0.005443976
1/6/2010,1638.5,0.013421573
1/7/2010,1648.7,0.006225206
1/8/2010,1639.8,-0.005398193
1/11/2010,1629.45,-0.006311745
1/12/2010,1583.85,-0.027984903
1/13/2010,1571.3,-0.00792373
1/14/2010,1573.55,0.001431935
1/15/2010,1570.4,-0.002001843
1/18/2010,1562.5,-0.005030565
1/19/2010,1559.95,-0.001632
1/20/2010,1563.45,0.002243662
1/21/2010,1539.55,-0.015286706
1/22/2010,1514.3,-0.016400896
1/25/2010,1532.05,0.011721588
1/27/2010,1523.4,-0.00564603
1/28/2010,1526,0.001706709
1/29/2010,1520.45,-0.003636959
2/1/2010,1540.75,0.01335131
2/2/2010,1540.15,-0.000389421
2/3/2010,1564.8,0.016004935
2/4/2010,1561.3,-0.002236708
2/5/2010,1559.95,-0.000864664
2/6/2010,1561.9,0.00125004
2/8/2010,1529.1,-0.021000064
2/9/2010,1530.4,0.000850173
2/10/2010,1561.05,0.020027444
2/11/2010,1578.85,0.011402582
2/15/2010,1578.95,6.33E-05
2/16/2010,1569.3,-0.006111656
2/17/2010,1584.45,0.009653986
2/18/2010,1580.35,-0.002587649
2/19/2010,1651.55,0.045053311
2/22/2010,1680.25,0.017377615
2/23/2010,1711.35,0.01850915
2/24/2010,1710.2,-0.000671984
2/25/2010,1722.8,0.007367559
2/26/2010,1709.9,-0.007487811
3/2/2010,1707.1,-0.001637523
3/3/2010,1710,0.001698787
3/4/2010,1739.55,0.017280702
3/5/2010,1741.8,0.001293438
3/8/2010,1772.55,0.017654151
3/9/2010,1750.95,-0.012185834
3/10/2010,1767.65,0.00953768
3/11/2010,1744.95,-0.012841909
3/12/2010,1729.4,-0.00891143
3/15/2010,1697.55,-0.018416792
3/16/2010,1696.75,-0.000471267
3/17/2010,1692.3,-0.002622661
3/18/2010,1702.05,0.00576139
3/19/2010,1725.2,0.013601246
3/22/2010,1742.15,0.009824948
3/23/2010,1745.9,0.002152513
3/25/2010,1748.35,0.001403288
3/26/2010,1748.85,0.000285984
3/29/2010,1757.85,0.005146239
3/30/2010,1772.3,0.008220269
3/31/2010,1778,0.00321616
4/1/2010,1768.85,-0.005146232
4/5/2010,1785.1,0.00918676
4/6/2010,1762.85,-0.012464288
4/7/2010,1760.95,-0.0010778
4/8/2010,1770.05,0.005167665
4/9/2010,1780.25,0.005762549
4/12/2010,1789.75,0.005336329
4/13/2010,1801.1,0.006341668
4/15/2010,1810.2,0.005052468
4/16/2010,1827.8,0.009722683
4/19/2010,1851.6,0.013021118
4/20/2010,1863.05,0.006183841
4/21/2010,1917.3,0.029118918
4/22/2010,1905.15,-0.006337036
4/23/2010,1898.6,-0.003438049
4/26/2010,1883.75,-0.007821553
4/27/2010,1885.45,0.000902455
4/28/2010,1897.1,0.006178896
4/29/2010,1882.8,-0.007537821
4/30/2010,1912.95,0.016013384
5/3/2010,1898.5,-0.007553778
5/4/2010,1888.65,-0.005188307
5/5/2010,1945.6,0.030153814
5/6/2010,1985.3,0.020405016
5/7/2010,1942.8,-0.021407344
5/10/2010,1996.1,0.02743463
5/11/2010,1997.8,0.000851661
5/12/2010,2057.75,0.030008009
5/13/2010,2132.4,0.036277488
5/14/2010,2140,0.003564059
5/17/2010,2160.45,0.009556075
5/18/2010,2174.4,0.006456988
5/19/2010,2064.3,-0.050634658
5/20/2010,2085.55,0.010294046
5/21/2010,2043.95,-0.019946777
5/24/2010,2025.9,-0.00883094
5/25/2010,2008.95,-0.008366652
5/26/2010,2008.35,-0.000298663
5/27/2010,1981.1,-0.013568352
5/28/2010,1995.9,0.007470597
5/31/2010,2107.95,0.056140087
6/1/2010,2087.9,-0.009511611
6/2/2010,2107.85,0.009555055
6/3/2010,2080.45,-0.012999027
6/4/2010,2035.2,-0.021750102
6/7/2010,2030.6,-0.00226022
6/8/2010,2028.55,-0.001009554
6/9/2010,2103.2,0.036799685
6/10/2010,2106.3,0.001473944
6/11/2010,2076.9,-0.013958126
6/14/2010,2076.2,-0.000337041
6/15/2010,2077.5,0.000626144
6/16/2010,2084.7,0.003465704
6/17/2010,2096.7,0.005756224
6/18/2010,2084.95,-0.005604044
6/21/2010,2123.25,0.018369745
6/22/2010,2097.6,-0.012080537
6/23/2010,2119.55,0.01046434
6/24/2010,2141.9,0.010544691
6/25/2010,2174.55,0.015243475
6/28/2010,2193.2,0.008576487
6/29/2010,2218.25,0.011421667
6/30/2010,2183.95,-0.015462639
7/1/2010,2188.6,0.00212917
7/2/2010,2160.2,-0.012976332
7/5/2010,2169.4,0.004258865
7/6/2010,2135.2,-0.015764728
7/7/2010,2133.4,-0.000843012
7/8/2010,2137.2,0.001781194
7/9/2010,2110.05,-0.012703537
7/12/2010,2085.6,-0.011587403
7/13/2010,2047.3,-0.01836402
7/14/2010,2088.4,0.020075221
7/15/2010,2074.15,-0.006823405
7/16/2010,2068.9,-0.002531157
7/19/2010,2047.9,-0.010150321
7/20/2010,2026.9,-0.010254407
7/21/2010,2030.95,0.001998125
7/22/2010,2029.9,-0.000516999
7/23/2010,2076.75,0.023079955
7/26/2010,2065.05,-0.005633803
7/27/2010,2060,-0.002445461
7/28/2010,2064.55,0.002208738
7/29/2010,2023.3,-0.019980141
7/30/2010,2010.8,-0.006178026
8/2/2010,2014.85,0.002014124
8/3/2010,2003,-0.005881331
8/4/2010,1998.15,-0.002421368
8/5/2010,2012.15,0.007006481
8/6/2010,2018.05,0.002932187
8/9/2010,1995.35,-0.011248482
8/10/2010,1990.35,-0.002505826
8/11/2010,1958.25,-0.016127817
8/12/2010,1950.4,-0.004008681
8/13/2010,1961.8,0.005844955
8/16/2010,1945.05,-0.008538077
8/17/2010,1961.55,0.008483072
8/18/2010,1943.7,-0.009099946
8/19/2010,1976,0.016617791
8/20/2010,2017.05,0.020774291
8/23/2010,1971.8,-0.022433752
8/24/2010,1945.65,-0.013261994
8/25/2010,1889.8,-0.02870506
8/26/2010,1873.45,-0.008651709
8/27/2010,1872.85,-0.000320265
8/30/2010,1894,0.011292949
8/31/2010,1860.7,-0.017581837
9/1/2010,1880.25,0.010506799
9/2/2010,1906.7,0.014067278
9/3/2010,1916.4,0.005087324
9/6/2010,1916.85,0.000234815
9/7/2010,1916.8,-2.61E-05
9/8/2010,1918.35,0.000808639
9/9/2010,1916.8,-0.000807986
9/13/2010,1953.85,0.01932909
9/14/2010,1938.5,-0.007856284
9/15/2010,1928.35,-0.005236007
9/16/2010,1916.8,-0.005989577
9/17/2010,1956.3,0.020607262
9/20/2010,2026.9,0.036088534
9/21/2010,2070.25,0.02138734
9/22/2010,2087.3,0.00823572
9/23/2010,2084.8,-0.00119772
9/24/2010,2112.75,0.013406562
9/27/2010,2157.1,0.020991599
9/28/2010,2158.65,0.000718557
9/29/2010,2240.95,0.03812568
9/30/2010,2209.95,-0.013833419
10/1/2010,2251.05,0.018597706
10/4/2010,2301.8,0.022545035
10/5/2010,2285.15,-0.007233469
10/6/2010,2290.5,0.002341203
10/7/2010,2275.05,-0.006745252
10/8/2010,2293.4,0.008065757
10/11/2010,2286.15,-0.003161245
10/12/2010,2288.85,0.001181025
10/13/2010,2295.05,0.002708784
10/14/2010,2305.1,0.00437899
10/15/2010,2300.75,-0.00188712
10/18/2010,2351.2,0.021927632
10/19/2010,2353,0.000765567
10/20/2010,2361.1,0.003442414
10/21/2010,2352.7,-0.003557664
10/22/2010,2348,-0.001997705
10/25/2010,2352.35,0.001852641
10/26/2010,2308.8,-0.018513401
10/27/2010,2261.9,-0.020313583
10/28/2010,2258.9,-0.001326319
10/29/2010,2222.45,-0.016136172
11/1/2010,2199.05,-0.010528921
11/2/2010,2240.85,0.019008208
11/3/2010,2220.1,-0.009259879
11/4/2010,2224.6,0.002026936
11/5/2010,2276.1,0.023150229
11/8/2010,2293.5,0.007644655
11/9/2010,2302.1,0.003749727
11/10/2010,2255.75,-0.020133791
11/11/2010,2254.5,-0.000554139
11/12/2010,2228.3,-0.011621202
11/15/2010,2233.05,0.00213167
11/16/2010,2270.35,0.016703612
11/18/2010,2277.2,0.003017156
11/19/2010,2227.7,-0.021737221
11/22/2010,2261.85,0.015329712
11/23/2010,2240.4,-0.009483387
11/24/2010,2208.5,-0.014238529
11/25/2010,2098.05,-0.05001132
11/26/2010,2107.25,0.004385024
11/29/2010,2118.15,0.005172618
11/30/2010,2130.6,0.005877771
12/1/2010,2170.25,0.018609781
12/2/2010,2163.8,-0.002972008
12/3/2010,2131.25,-0.01504298
12/6/2010,2131.35,4.69E-05
12/7/2010,2150.9,0.00917259
12/8/2010,2146.25,-0.002161886
12/9/2010,2130.55,-0.007315084
12/10/2010,2135.85,0.002487621
12/13/2010,2156.2,0.009527823
12/14/2010,2196.4,0.018643911
12/15/2010,2193,-0.001547988
12/16/2010,2195.05,0.000934793
12/20/2010,2201.85,0.003097879
12/21/2010,2200.25,-0.000726662
12/22/2010,2201.4,0.000522668
12/23/2010,2205.3,0.0017716
12/24/2010,2212.1,0.003083481
12/27/2010,2226.9,0.006690475
12/28/2010,2238.75,0.005321299
12/29/2010,2281.3,0.019006142
12/30/2010,2324.9,0.01911191
12/31/2010,2337.5,0.005419588
1/3/2011,2342.6,0.002181818
1/4/2011,2347.8,0.002219756
1/5/2011,2381.75,0.014460346
1/6/2011,2400.2,0.007746405
1/7/2011,2376.75,-0.009770019
1/10/2011,2390.1,0.005616914
1/11/2011,2383.6,-0.002719551
1/12/2011,2391.7,0.003398221
1/13/2011,2343.35,-0.020215746
1/14/2011,2331.35,-0.005120874
1/17/2011,2314.95,-0.007034551
1/18/2011,2313.7,-0.000539968
1/19/2011,2301.95,-0.005078446
1/20/2011,2257.1,-0.019483481
1/21/2011,2280.6,0.01041159
1/24/2011,2241.4,-0.017188459
1/25/2011,2269.6,0.012581422
1/27/2011,2234.75,-0.015355129
1/28/2011,2278.55,0.019599508
1/31/2011,2284.65,0.002677141
2/1/2011,2265,-0.00860088
2/2/2011,2257.35,-0.003377483
2/3/2011,2242.2,-0.006711409
2/4/2011,2230.35,-0.005284988
2/7/2011,2233.5,0.001412334
2/8/2011,2241.75,0.003693754
2/9/2011,2197.8,-0.019605219
2/10/2011,2210.55,0.005801256
2/11/2011,2213.9,0.00151546
2/14/2011,2201.1,-0.005781652
2/15/2011,2222.3,0.009631548
2/16/2011,2218.5,-0.00170994
2/17/2011,2230.95,0.0056119
2/18/2011,2221.7,-0.004146216
2/21/2011,2233.35,0.005243732
2/22/2011,2235.9,0.001141783
2/23/2011,2221.65,-0.006373273
2/24/2011,2218.9,-0.001237819
2/25/2011,2221.35,0.001104151
2/28/2011,2208.55,-0.005762262
3/1/2011,2198.05,-0.004754251
3/3/2011,2178,-0.009121722
3/4/2011,2166.55,-0.005257117
3/7/2011,2149.6,-0.007823498
3/8/2011,2162.1,0.005815035
3/9/2011,2182.75,0.0095509
3/10/2011,2187.75,0.002290688
3/11/2011,2171.95,-0.007222032
3/14/2011,2122.4,-0.022813601
3/15/2011,2085.4,-0.017433095
3/16/2011,2045.25,-0.019252901
3/17/2011,2099.3,0.026427087
3/18/2011,2039.8,-0.028342781
3/21/2011,2043.5,0.001813903
3/22/2011,2039.75,-0.001835087
3/23/2011,2024.75,-0.007353842
3/24/2011,2096.2,0.035288307
3/25/2011,2097.45,0.000596317
3/28/2011,2097.35,-4.77E-05
3/29/2011,2080.45,-0.008057787
3/30/2011,2095.45,0.007209979
3/31/2011,2062.95,-0.015509795
4/1/2011,2090.9,0.013548559
4/4/2011,2121.55,0.014658759
4/5/2011,2112.55,-0.004242181
4/6/2011,2129.9,0.008212823
4/7/2011,2148.85,0.008897131
4/8/2011,2177.9,0.013518859
4/11/2011,2147.75,-0.013843611
4/13/2011,2134.55,-0.006145967
4/15/2011,2104.9,-0.013890516
4/18/2011,2120.4,0.00736377
4/19/2011,2119,-0.000660253
4/20/2011,2114.15,-0.002288815
4/21/2011,2111.55,-0.001229809
4/25/2011,2109,-0.001207644
4/26/2011,2115,0.00284495
4/27/2011,2193.9,0.037304965
4/28/2011,2227.9,0.015497516
4/29/2011,2257.65,0.013353382
5/2/2011,2273,0.006799105
5/3/2011,2292.5,0.008578971
5/4/2011,2336,0.018974918
5/5/2011,2255.65,-0.034396404
5/6/2011,2294.35,0.017156917
5/9/2011,2293.4,-0.000414061
5/10/2011,2303.9,0.004578355
5/11/2011,2334.2,0.013151612
5/12/2011,2340.45,0.002677577
5/13/2011,2339.5,-0.000405905
5/16/2011,2372.2,0.013977346
5/17/2011,2359.9,-0.00518506
5/18/2011,2335.4,-0.010381796
5/19/2011,2320.15,-0.006529931
5/20/2011,2333.6,0.005797039
5/23/2011,2333.55,-2.14E-05
5/24/2011,2341.35,0.003342547
5/25/2011,2339.3,-0.000875563
5/26/2011,2328.65,-0.004552644
5/27/2011,2336.8,0.003499882
5/30/2011,2312.2,-0.010527217
5/31/2011,2321.5,0.004022143
6/1/2011,2360.65,0.016864096
6/2/2011,2366.7,0.002562853
6/3/2011,2394.55,0.01176744
6/6/2011,2369,-0.010670063
6/7/2011,2359.3,-0.004094555
6/8/2011,2360.05,0.000317891
6/9/2011,2364.7,0.001970297
6/10/2011,2402.3,0.015900537
6/13/2011,2433.2,0.012862673
6/14/2011,2434.45,0.000513727
6/15/2011,2445.2,0.004415782
6/16/2011,2459.9,0.006011778
6/17/2011,2350.85,-0.04433107
6/20/2011,2327.6,-0.00989004
6/21/2011,2320.75,-0.002942946
6/22/2011,2317.45,-0.001421954
6/23/2011,2316.85,-0.000258905
6/24/2011,2338.5,0.009344584
6/27/2011,2326.55,-0.005110113
6/28/2011,2331.95,0.002321033
6/29/2011,2357.4,0.010913613
6/30/2011,2350.15,-0.003075422
7/1/2011,2346.1,-0.001723294
7/4/2011,2356.1,0.004262393
7/5/2011,2335.55,-0.008722041
7/6/2011,2331.7,-0.001648434
7/7/2011,2353.15,0.009199297
7/8/2011,2318.15,-0.01487368
7/11/2011,2329.4,0.004853008
7/12/2011,2330.35,0.00040783
7/13/2011,2325.85,-0.00193104
7/14/2011,2326.3,0.000193478
7/15/2011,2345.15,0.008102996
7/18/2011,2301.25,-0.018719485
7/19/2011,2311.2,0.004323737
7/20/2011,2297.15,-0.006079093
7/21/2011,2320.45,0.010143003
7/22/2011,2316.05,-0.001896184
7/25/2011,2345.4,0.012672438
7/26/2011,2315.5,-0.012748358
7/27/2011,2302.6,-0.005571151
7/28/2011,2381.1,0.034091896
7/29/2011,2344.9,-0.015203057
8/1/2011,2307.35,-0.016013476
8/2/2011,2292.25,-0.006544304
8/3/2011,2275.6,-0.007263606
8/4/2011,2280.95,0.002351028
8/5/2011,2200.9,-0.035095026
8/8/2011,2136.55,-0.029238039
8/9/2011,2112.15,-0.01142028
8/10/2011,2118.45,0.002982743
8/11/2011,2158.45,0.01888173
8/12/2011,2139.65,-0.008709954
8/16/2011,2135.45,-0.001962938
8/17/2011,2147.9,0.005830153
8/18/2011,2151.95,0.001885563
8/19/2011,2146.45,-0.002555821
8/22/2011,2158.2,0.005474155
8/23/2011,2166.35,0.003776295
8/24/2011,2149.65,-0.007708819
8/25/2011,2104.7,-0.020910381
8/26/2011,2125.25,0.009763862
8/29/2011,2108.4,-0.007928479
8/30/2011,2119.6,0.005312085
9/2/2011,2130.6,0.005189658
9/5/2011,2129.9,-0.000328546
9/6/2011,2130.75,0.00039908
9/7/2011,2123.35,-0.003472956
9/8/2011,2117.15,-0.002919914
9/9/2011,2094.35,-0.010769194
9/12/2011,2076.95,-0.008308067
9/13/2011,2059.7,-0.008305448
9/14/2011,2043.85,-0.007695295
9/15/2011,2059.55,0.007681581
9/16/2011,2052.75,-0.003301692
9/19/2011,2067.6,0.007234198
9/20/2011,2058.5,-0.004401238
9/21/2011,2069.75,0.005465145
9/22/2011,2051.35,-0.008889963
9/23/2011,2004.65,-0.022765496
9/26/2011,2022.8,0.00905395
9/27/2011,2064.8,0.020763298
9/28/2011,2093.95,0.01411759
9/29/2011,2085.8,-0.003892166
9/30/2011,2091,0.002493048
10/3/2011,2098.95,0.003802009
10/4/2011,2100.4,0.000690822
10/5/2011,2091.7,-0.004142068
10/7/2011,2098.85,0.003418272
10/10/2011,2083.25,-0.007432642
10/11/2011,2059.55,-0.011376455
10/12/2011,2047.05,-0.006069287
10/13/2011,2058.25,0.005471288
10/14/2011,2061.95,0.001797644
10/17/2011,2075.05,0.006353209
10/18/2011,2071.25,-0.001831281
10/19/2011,2093.35,0.010669885
10/20/2011,2091.4,-0.000931521
10/21/2011,2106.05,0.007004877
10/24/2011,2087.2,-0.008950405
10/25/2011,2097.45,0.004910885
10/26/2011,2102.9,0.002598393
10/28/2011,2120.65,0.008440725
10/31/2011,2057.6,-0.02973145
11/1/2011,2103.5,0.022307543
11/2/2011,2102.55,-0.000451628
11/3/2011,2085.95,-0.007895175
11/4/2011,2113.5,0.013207411
11/8/2011,2045.25,-0.032292406
11/9/2011,2007.75,-0.018335167
11/11/2011,2027.65,0.009911593
11/14/2011,2029.7,0.001011023
11/15/2011,2003.55,-0.012883677
11/16/2011,1983.2,-0.010156971
11/17/2011,1993.45,0.005168415
11/18/2011,1998.75,0.002658707
11/21/2011,1968.65,-0.015059412
11/22/2011,1950.75,-0.009092525
11/23/2011,1902.5,-0.024734077
11/24/2011,1949.8,0.024862024
11/25/2011,1967.2,0.008923992
11/28/2011,1953.7,-0.006862546
11/29/2011,1943.55,-0.005195271
11/30/2011,1917.1,-0.013609117
12/1/2011,1900.15,-0.008841479
12/2/2011,1925.7,0.013446307
12/5/2011,1913.15,-0.006517111
12/7/2011,1909.85,-0.001724904
12/8/2011,1899.3,-0.005523994
12/9/2011,1863.15,-0.019033328
12/12/2011,1864.15,0.000536725
12/13/2011,1869.6,0.002923584
12/14/2011,1860,-0.005134788
12/15/2011,1875,0.008064516
12/16/2011,1840.15,-0.018586667
12/19/2011,1847.8,0.00415727
12/20/2011,1849.5,0.000920013
12/21/2011,1868.55,0.010300081
12/22/2011,1920.85,0.027989618
12/23/2011,1913.35,-0.003904521
12/26/2011,1919.55,0.00324039
12/27/2011,1926.05,0.00338621
12/28/2011,1927.8,0.000908595
12/29/2011,1938.5,0.005550368
12/30/2011,1945.15,0.003430487
1/2/2012,1981.85,0.01886744
1/3/2012,1986.35,0.002270606
1/4/2012,1985.55,-0.000402749
1/5/2012,1965.05,-0.010324595
1/6/2012,1951.25,-0.007022722
1/7/2012,1957.55,0.0032287
1/9/2012,1959.5,0.000996143
1/10/2012,1969.05,0.004873692
1/11/2012,1965.55,-0.001777507
1/12/2012,1959.7,-0.002976266
1/13/2012,1963.25,0.001811502
1/16/2012,1983.65,0.010390933
1/17/2012,1983.35,-0.000151236
1/18/2012,1979.9,-0.001739481
1/19/2012,1965.8,-0.007121572
1/20/2012,1962.75,-0.001551531
1/23/2012,1958.9,-0.001961534
1/24/2012,1944.85,-0.007172393
1/25/2012,1936.35,-0.004370517
1/27/2012,1946.35,0.005164356
1/30/2012,1934.45,-0.006114008
1/31/2012,1940.05,0.00289488
2/1/2012,1939.7,-0.000180408
2/2/2012,1960.5,0.010723308
2/3/2012,1959.95,-0.000280541
2/6/2012,1982.7,0.011607439
2/7/2012,2038.3,0.028042568
2/8/2012,2025.25,-0.006402394
2/9/2012,2039.25,0.006912727
2/10/2012,2034.55,-0.002304769
2/13/2012,2035.05,0.000245755
2/14/2012,2042.25,0.003537997
2/15/2012,2106.25,0.031337985
2/16/2012,2086.55,-0.009353116
2/17/2012,2086.35,-9.59E-05
2/21/2012,2088.1,0.000838785
2/22/2012,2083,-0.002442412
2/23/2012,2074.6,-0.004032645
2/24/2012,2079.55,0.002386002
2/27/2012,2065.75,-0.006636051
2/28/2012,2080.6,0.007188672
2/29/2012,2074.85,-0.002763626
3/1/2012,2087.4,0.00604863
3/2/2012,2084.4,-0.001437195
3/3/2012,2073.5,-0.005229323
3/5/2012,2075.25,0.000843984
3/6/2012,2080.05,0.002312974
3/7/2012,2083.4,0.001610538
3/9/2012,2084,0.000287991
3/12/2012,2082.9,-0.000527831
3/13/2012,2086.7,0.001824379
3/14/2012,2087.05,0.000167729
3/15/2012,2116.45,0.014086869
3/16/2012,2140.45,0.011339743
3/19/2012,2144.9,0.002079002
3/20/2012,2163.75,0.008788288
3/21/2012,2207.6,0.020265742
3/22/2012,2190.2,-0.007881863
3/23/2012,2171.75,-0.008423888
3/26/2012,2189.6,0.008219178
3/27/2012,2200.2,0.004841067
3/28/2012,2256.8,0.025724934
3/29/2012,2223.75,-0.01464463
3/30/2012,2316.55,0.04173131
4/2/2012,2277.6,-0.016813796
4/3/2012,2289.4,0.005180892
4/4/2012,2255,-0.015025771
4/9/2012,2210.75,-0.01962306
4/10/2012,2218.45,0.003482981
4/11/2012,2185.45,-0.014875251
4/12/2012,2172.85,-0.005765403
4/13/2012,2192.2,0.008905355
4/16/2012,2174.75,-0.00796004
4/17/2012,2210.2,0.016300724
4/18/2012,2251.9,0.018867071
4/19/2012,2214.75,-0.01649718
4/20/2012,2240.9,0.011807202
4/23/2012,2238.95,-0.000870186
4/24/2012,2211.65,-0.012193216
4/25/2012,2190.65,-0.009495173
4/26/2012,2179.9,-0.004907219
4/27/2012,2177.95,-0.000894536
4/28/2012,2179.9,0.000895337
4/30/2012,2144.05,-0.016445709
5/2/2012,2172.95,0.013479163
5/3/2012,2170.75,-0.001012449
5/4/2012,2137.3,-0.015409421
5/7/2012,2127.6,-0.004538436
5/8/2012,2100.3,-0.012831359
5/9/2012,2082.95,-0.008260725
5/10/2012,2054.35,-0.013730526
5/11/2012,2050.1,-0.002068781
5/14/2012,2056.35,0.003048632
5/15/2012,2028.8,-0.013397525
5/16/2012,2028.4,-0.000197161
5/17/2012,2063.95,0.017526129
5/18/2012,2049.65,-0.006928462
5/21/2012,2042.3,-0.003585978
5/22/2012,1990.15,-0.025534936
5/23/2012,1964.85,-0.01271261
5/24/2012,1981.35,0.008397588
5/25/2012,1995.05,0.006914478
5/28/2012,2004.8,0.004887096
5/29/2012,1988.05,-0.008354948
5/30/2012,2024.4,0.018284248
5/31/2012,2010,-0.007113219
6/1/2012,1973.5,-0.018159204
6/4/2012,1985.6,0.006131239
6/5/2012,2010,0.012288477
6/6/2012,1985.55,-0.012164179
6/7/2012,1990.15,0.002316738
6/8/2012,1988.8,-0.000678341
6/11/2012,1958.75,-0.015109614
6/12/2012,2033.65,0.038238673
6/13/2012,2048.3,0.007203796
6/14/2012,2019.7,-0.013962798
6/15/2012,2012.65,-0.003490617
6/18/2012,2000,-0.006285246
6/19/2012,2001,0.0005
6/20/2012,2033.7,0.016341829
6/21/2012,2022.35,-0.005580961
6/22/2012,2013.85,-0.004203031
6/25/2012,2016.7,0.0014152
6/26/2012,2017.3,0.000297516
6/27/2012,2003.25,-0.006964755
6/28/2012,2007.1,0.001921877
6/29/2012,2019.3,0.006078422
7/2/2012,2029.85,0.005224583
7/3/2012,2038.65,0.004335296
7/4/2012,2022.15,-0.008093591
7/5/2012,2019.3,-0.001409391
7/6/2012,2016.45,-0.00141138
7/9/2012,2015.7,-0.000371941
7/10/2012,2039.85,0.01198095
7/11/2012,2061.45,0.010589014
7/12/2012,2050.75,-0.005190521
7/13/2012,2040.65,-0.004925027
7/16/2012,2059.8,0.009384265
7/17/2012,2056.7,-0.001505
7/18/2012,2066.55,0.004789225
7/19/2012,2079.75,0.006387457
7/20/2012,2072.1,-0.003678327
7/23/2012,2073.85,0.000844554
7/24/2012,2110.85,0.017841213
7/25/2012,2150.05,0.018570718
7/26/2012,2150.75,0.000325574
7/27/2012,2130.6,-0.009368825
7/30/2012,2124.4,-0.002909978
7/31/2012,2109.95,-0.006801921
8/1/2012,2104.35,-0.002654091
8/2/2012,2123.95,0.00931404
8/3/2012,2111,-0.00609713
8/6/2012,2086.15,-0.011771672
8/7/2012,2100.2,0.006734894
8/8/2012,2087.85,-0.005880392
8/9/2012,2105.3,0.00835788
8/10/2012,2109.05,0.001781219
8/13/2012,2100.15,-0.004219909
8/14/2012,2100.25,4.76E-05
8/16/2012,2094.85,-0.002571122
8/17/2012,2089,-0.002792563
8/21/2012,2085.05,-0.001890857
8/22/2012,2089.1,0.001942399
8/23/2012,2115.1,0.012445551
8/24/2012,2093.75,-0.010094085
8/27/2012,2089.05,-0.002244776
8/28/2012,2085.65,-0.001627534
8/29/2012,2096.25,0.005082348
8/30/2012,2093.2,-0.001454979
8/31/2012,2099.95,0.003224728
9/3/2012,2099.1,-0.000404772
9/4/2012,2100.4,0.000619313
9/5/2012,2100.3,-4.76E-05
9/6/2012,2100,-0.000142837
9/7/2012,2099.85,-7.14E-05
9/8/2012,2115.25,0.007333857
9/10/2012,2190.75,0.03569318
9/11/2012,2224,0.015177451
9/12/2012,2175.1,-0.02198741
9/13/2012,2120.05,-0.025309181
9/14/2012,2091.4,-0.013513832
9/17/2012,2006.05,-0.040809984
9/18/2012,1999.35,-0.003339897
9/20/2012,1985.6,-0.006877235
9/21/2012,1972.95,-0.00637087
9/24/2012,1980.35,0.003750729
9/25/2012,1987.2,0.003458985
9/26/2012,1998.55,0.005711554
9/27/2012,1958.05,-0.020264692
9/28/2012,1981.05,0.01174638
10/1/2012,2003.15,0.0111557
10/3/2012,1980.3,-0.011407034
10/4/2012,1952.1,-0.014240267
10/5/2012,1943.05,-0.004636033
10/8/2012,1936.65,-0.003293791
10/9/2012,1951.1,0.007461338
10/10/2012,1962.4,0.005791605
10/11/2012,1968.95,0.00333775
10/12/2012,1969.7,0.000380914
10/15/2012,1977.6,0.004010763
10/16/2012,1991.9,0.007230987
10/17/2012,1994.7,0.001405693
10/18/2012,1991.5,-0.001604251
10/19/2012,1996.45,0.002485564
10/22/2012,2000,0.001778156
10/23/2012,1995.85,-0.002075
10/25/2012,2003.8,0.003983265
10/26/2012,1999.85,-0.001971255
10/29/2012,2004.4,0.002275171
10/30/2012,2005,0.000299341
10/31/2012,2005,0
11/1/2012,2005.05,2.49E-05
11/2/2012,1998.2,-0.003416374
11/5/2012,1998.95,0.000375338
11/6/2012,2001.45,0.001250657
11/7/2012,2000,-0.000724475
11/8/2012,2004.65,0.002325
11/9/2012,2005.5,0.000424014
11/12/2012,2010.9,0.002692595
11/13/2012,1999.05,-0.005892884
11/15/2012,1985.15,-0.006953303
11/16/2012,1997.2,0.00607007
11/19/2012,1996.2,-0.000500701
11/20/2012,1999.55,0.001678189
11/21/2012,2000.6,0.000525118
11/22/2012,2016.2,0.007797661
11/23/2012,2002.25,-0.006918956
11/26/2012,2049.8,0.023748283
11/27/2012,2050.2,0.000195141
11/29/2012,2055.95,0.002804604
11/30/2012,2050.1,-0.0028454
12/3/2012,2021.9,-0.013755427
12/4/2012,2041.35,0.009619665
12/5/2012,2050.95,0.00470277
12/6/2012,2050.95,0
12/7/2012,2050.05,-0.000438821
12/10/2012,2050.15,4.88E-05
12/11/2012,2050.35,9.76E-05
12/12/2012,2050.15,-9.75E-05
12/13/2012,2074.55,0.011901568
12/14/2012,2065.6,-0.004314189
12/17/2012,2069.8,0.002033308
12/18/2012,2069.95,7.25E-05
12/19/2012,2070.25,0.000144931
12/20/2012,2087.6,0.00838063
12/21/2012,2078.4,-0.004406975
12/24/2012,2082.25,0.001852386
12/26/2012,2085.7,0.001656862
12/27/2012,2113.25,0.013208995
12/28/2012,2119.25,0.002839229
12/31/2012,2168.05,0.023027014
1/1/2013,2145.7,-0.010308803
1/2/2013,2140.15,-0.002586568
1/3/2013,2144.05,0.001822302
1/4/2013,2160.05,0.007462513
1/7/2013,2181.6,0.009976621
1/8/2013,2186.6,0.002291896
1/9/2013,2190.05,0.001577792
1/10/2013,2190.25,9.13E-05
1/11/2013,2190.45,9.13E-05
1/14/2013,2188.95,-0.000684791
1/15/2013,2200.9,0.005459238
1/16/2013,2198.5,-0.001090463
1/17/2013,2203.05,0.002069593
1/18/2013,2187.7,-0.006967613
1/21/2013,2173.95,-0.00628514
1/22/2013,2148.8,-0.011568803
1/23/2013,2102.25,-0.021663254
1/24/2013,2055.8,-0.022095374
1/25/2013,2054.1,-0.000826929
1/28/2013,2043.1,-0.005355143
1/29/2013,2051.65,0.004184817
1/30/2013,2052.9,0.000609266
1/31/2013,2048.8,-0.001997175
2/1/2013,2043.5,-0.00258688
2/4/2013,2037,-0.003180817
2/5/2013,2079.2,0.02071674
2/6/2013,2070.2,-0.004328588
2/7/2013,2079.1,0.004299102
2/8/2013,2098.9,0.009523351
2/11/2013,2077.35,-0.010267283
2/12/2013,2094.2,0.008111296
2/13/2013,2098.3,0.001957788
2/14/2013,2096.7,-0.000762522
2/15/2013,2096.95,0.000119235
2/18/2013,2097.1,7.15E-05
2/19/2013,2106.6,0.004530065
2/20/2013,2119.05,0.005909997
2/21/2013,2099.6,-0.009178641
2/22/2013,2099.65,2.38E-05
2/25/2013,2101.75,0.001000167
2/26/2013,2097.95,-0.001808017
2/27/2013,2097.85,-4.77E-05
2/28/2013,2110.95,0.006244488
3/1/2013,2098.9,-0.00570833
3/4/2013,2099.6,0.000333508
3/5/2013,2111.2,0.005524862
3/6/2013,2111,-9.47E-05
3/7/2013,2110.05,-0.000450024
3/8/2013,2116,0.002819838
3/11/2013,2126.45,0.004938563
3/12/2013,2134.4,0.003738625
3/13/2013,2133.25,-0.000538793
3/14/2013,2117.55,-0.007359662
3/15/2013,2119.75,0.001038937
3/18/2013,2160.4,0.01917679
3/19/2013,2150.8,-0.004443622
3/20/2013,2151.35,0.000255719
3/21/2013,2160.6,0.004299626
3/22/2013,2169.15,0.003957234
3/25/2013,2168.6,-0.000253556
3/26/2013,2189.85,0.009798949
3/28/2013,2205.25,0.007032445
4/1/2013,2222,0.007595511
4/2/2013,2229.9,0.003555356
4/3/2013,2268.55,0.017332616
4/4/2013,2200.95,-0.02979877
4/5/2013,2201.65,0.000318044
4/8/2013,2200.1,-0.000704017
4/9/2013,2200.5,0.00018181
4/10/2013,2217.55,0.007748239
4/11/2013,2204.4,-0.005929968
4/12/2013,2201.6,-0.001270187
4/15/2013,2204.8,0.001453488
4/16/2013,2200.1,-0.002131713
4/17/2013,2225.15,0.011385846
4/18/2013,2204.9,-0.00910051
4/22/2013,2207.05,0.000975101
4/23/2013,2204.15,-0.001313971
4/25/2013,2203.35,-0.000362952
4/26/2013,2204.05,0.000317698
4/29/2013,2216.65,0.005716749
4/30/2013,2262.3,0.02059414
5/2/2013,2269.75,0.003293109
5/3/2013,2278.9,0.004031281
5/6/2013,2309.65,0.013493352
5/7/2013,2398.05,0.038274197
5/8/2013,2344.7,-0.022247243
5/9/2013,2310.15,-0.014735361
5/10/2013,2323.35,0.005713915
5/11/2013,2303.3,-0.00862978
5/13/2013,2322.4,0.00829245
5/14/2013,2328.7,0.002712711
5/15/2013,2303.95,-0.010628248
5/16/2013,2271.1,-0.014258122
5/17/2013,2317.45,0.020408613
5/20/2013,2282.55,-0.015059656
5/21/2013,2278.7,-0.00168671
5/22/2013,2287.85,0.004015447
5/23/2013,2282.35,-0.002404004
5/24/2013,2273.5,-0.003877582
5/27/2013,2272.1,-0.000615791
5/28/2013,2266.05,-0.002662735
5/29/2013,2272.75,0.002956687
5/30/2013,2293,0.008909911
5/31/2013,2498.05,0.089424335
6/3/2013,2666.15,0.067292488
6/4/2013,2757.9,0.034412918
6/5/2013,2683.45,-0.026995177
6/6/2013,2706.15,0.00845926
6/7/2013,2637.75,-0.025275761
6/10/2013,2514.45,-0.046744384
6/11/2013,2424.65,-0.035713576
6/12/2013,2506.4,0.033716206
6/13/2013,2470.5,-0.014323332
6/14/2013,2434.25,-0.014673143
6/17/2013,2449.65,0.006326384
6/18/2013,2439.85,-0.004000572
6/19/2013,2467.9,0.011496608
6/20/2013,2505.75,0.015336926
6/21/2013,2484.75,-0.008380724
6/24/2013,2424.9,-0.02408693
6/25/2013,2396.4,-0.011753062
6/26/2013,2330.8,-0.027374395
6/27/2013,2329.7,-0.000471941
6/28/2013,2334.4,0.002017427
7/1/2013,2476.9,0.061043523
7/2/2013,2479.2,0.00092858
7/3/2013,2618.8,0.056308487
7/4/2013,2619.95,0.000439132
7/5/2013,2551.7,-0.026050115
7/8/2013,2530.1,-0.008464945
7/9/2013,2513.75,-0.006462195
7/10/2013,2494.8,-0.007538538
7/11/2013,2480.2,-0.005852173
7/12/2013,2553.55,0.029574228
7/15/2013,2579.8,0.010279807
7/16/2013,2601,0.008217691
7/17/2013,2575.65,-0.009746251
7/18/2013,2544.75,-0.011996972
7/19/2013,2527.1,-0.006935848
7/22/2013,2494.5,-0.012900162
7/23/2013,2482.3,-0.00489076
7/24/2013,2449.95,-0.013032268
7/25/2013,2436.25,-0.005591951
7/26/2013,2453.85,0.007224218
7/29/2013,2449.65,-0.001711596
7/30/2013,2374.8,-0.030555385
7/31/2013,2368.15,-0.002800236
8/1/2013,2348.55,-0.008276503
8/2/2013,2282.85,-0.027974708
8/5/2013,2261.5,-0.009352345
8/6/2013,2320.45,0.02606677
8/7/2013,2402.25,0.035251783
8/8/2013,2331.85,-0.029305859
8/12/2013,2285.15,-0.020027017
8/13/2013,2277.8,-0.003216419
8/14/2013,2291.75,0.00612433
8/16/2013,2265,-0.011672303
8/19/2013,2249.05,-0.007041943
8/20/2013,2237.65,-0.005068807
8/21/2013,2246.65,0.004022077
8/22/2013,2274.8,0.012529767
8/23/2013,2289.2,0.006330227
8/26/2013,2311.5,0.009741394
8/27/2013,2256.65,-0.02372918
8/28/2013,2263.25,0.002924689
8/29/2013,2293.45,0.013343643
8/30/2013,2350.9,0.025049598
9/2/2013,2349.85,-0.000446637
9/3/2013,2290.4,-0.025299487
9/4/2013,2268.8,-0.009430667
9/5/2013,2253.85,-0.006589386
9/6/2013,2258.8,0.002196242
9/10/2013,2322.5,0.028200815
9/11/2013,2415.1,0.039870829
9/12/2013,2402.4,-0.005258581
9/13/2013,2358.8,-0.018148518
9/16/2013,2352.9,-0.002501272
9/17/2013,2350.15,-0.00116877
9/18/2013,2349.45,-0.000297853
9/19/2013,2350.15,0.000297942
9/20/2013,2465.6,0.049124524
9/23/2013,2393.35,-0.029303212
9/24/2013,2402.3,0.003739528
9/25/2013,2430.05,0.01155143
9/26/2013,2432.2,0.000884755
9/27/2013,2438,0.002384672
9/30/2013,2468.05,0.012325677
10/1/2013,2475.1,0.002856506
10/3/2013,2473.3,-0.000727243
10/4/2013,2475,0.000687341
10/7/2013,2493.95,0.007656566
10/8/2013,2480.75,-0.005292809
10/9/2013,2486.25,0.002217071
10/10/2013,2489.85,0.001447964
10/11/2013,2480.2,-0.003875735
10/14/2013,2479.45,-0.000302395
10/15/2013,2478.95,-0.000201658
10/17/2013,2481,0.000826963
10/18/2013,2479.4,-0.000644901
10/21/2013,2479.65,0.000100831
10/22/2013,2480.05,0.000161313
10/23/2013,2479.9,-6.05E-05
10/24/2013,2419.25,-0.024456631
10/25/2013,2419.65,0.00016534
10/28/2013,2419.45,-8.27E-05
10/29/2013,2434.85,0.006365083
10/30/2013,2435.15,0.000123211
10/31/2013,2431.35,-0.001560479
11/1/2013,2481.45,0.020605836
11/3/2013,2461.55,-0.008019505
11/5/2013,2482.4,0.008470273
11/6/2013,2501.1,0.007533033
11/7/2013,2489.9,-0.00447803
11/8/2013,2487.8,-0.000843407
11/11/2013,2474.3,-0.005426481
11/12/2013,2470.05,-0.001717658
11/13/2013,2410.2,-0.024230279
11/14/2013,2410.3,4.15E-05
11/18/2013,2416.2,0.002447828
11/19/2013,2420.05,0.001593411
11/20/2013,2414,-0.002499948
11/21/2013,2405.8,-0.003396852
11/22/2013,2405.95,6.23E-05
11/25/2013,2405.5,-0.000187036
11/26/2013,2396.35,-0.003803783
11/27/2013,2390.05,-0.002628998
11/28/2013,2389.95,-4.18E-05
11/29/2013,2495.7,0.044247788
12/2/2013,2523.25,0.011038987
12/3/2013,2594.35,0.028177945
12/4/2013,2572.4,-0.008460693
12/5/2013,2557.75,-0.005695071
12/6/2013,2522.6,-0.013742547
12/9/2013,2510.8,-0.004677713
12/10/2013,2489.2,-0.008602836
12/11/2013,2469.65,-0.007853929
12/12/2013,2432.15,-0.015184338
12/13/2013,2460.15,0.011512448
12/16/2013,2925.6,0.189195781
12/17/2013,2949.55,0.008186355
12/18/2013,2943.15,-0.002169823
12/19/2013,2937.25,-0.002004655
12/20/2013,2930.75,-0.002212954
12/23/2013,2936.6,0.001996076
12/24/2013,2951.95,0.005227133
12/26/2013,2954.6,0.000897712
12/27/2013,2958.1,0.001184594
12/30/2013,2975.25,0.00579764
12/31/2013,2998.3,0.007747248
1/1/2014,2990.45,-0.00261815
1/2/2014,2986.05,-0.00147135
1/3/2014,2986.15,3.35E-05
1/6/2014,2985.05,-0.000368367
1/7/2014,2979.05,-0.002010017
1/8/2014,2974.2,-0.001628036
1/9/2014,2961.85,-0.004152377
1/10/2014,2965.15,0.001114169
1/13/2014,2984.7,0.006593258
1/14/2014,2978.15,-0.002194525
1/15/2014,2978.05,-3.36E-05
1/16/2014,2971.3,-0.002266584
1/17/2014,2977.25,0.00200249
1/20/2014,2977.9,0.000218322
1/21/2014,2977.85,-1.68E-05
1/22/2014,2974.7,-0.00105781
1/23/2014,2978.3,0.001210206
1/24/2014,2983.05,0.00159487
1/27/2014,2977.4,-0.001894035
1/28/2014,2978.7,0.000436623
1/29/2014,2973.65,-0.00169537
1/30/2014,2978.35,0.001580549
1/31/2014,2984.1,0.001930599
2/3/2014,2986.35,0.000753996
2/4/2014,2984.85,-0.000502285
2/5/2014,2982.6,-0.000753807
2/6/2014,2969.9,-0.00425803
2/7/2014,2972,0.000707095
2/10/2014,2981.9,0.00333109
2/11/2014,2982.85,0.000318589
2/12/2014,2983,5.03E-05
2/13/2014,3003.7,0.006939323
2/14/2014,3008.65,0.001647968
2/17/2014,3013.4,0.001578781
2/18/2014,3017.6,0.001393774
2/19/2014,3009.25,-0.0027671
2/20/2014,3017.45,0.002724931
2/21/2014,3028.05,0.0035129
2/24/2014,3030.9,0.0009412
2/25/2014,3036.5,0.001847636
2/26/2014,3045.75,0.00304627
2/28/2014,3045.15,-0.000196996
3/3/2014,3053.05,0.002594289
3/4/2014,2966.45,-0.028365078
3/5/2014,2744.8,-0.07471894
3/6/2014,2676.45,-0.024901632
3/7/2014,2648.35,-0.010498982
3/10/2014,2508.8,-0.052693186
3/11/2014,2441.9,-0.026666135
3/12/2014,2477.75,0.014681191
3/13/2014,2533.75,0.02260115
3/14/2014,2605.75,0.028416379
3/18/2014,2651.9,0.017710832
3/19/2014,2650.5,-0.000527923
3/20/2014,2637.5,-0.004904735
3/21/2014,2568.9,-0.026009479
3/22/2014,2596.4,0.010704971
3/24/2014,2552.9,-0.016753967
3/25/2014,2550.15,-0.001077206
3/26/2014,2550.15,0
3/27/2014,2573,0.008960257
3/28/2014,2588.75,0.006121259
3/31/2014,2573.2,-0.00600676
4/1/2014,2580.9,0.002992383
4/2/2014,2589.95,0.003506529
4/3/2014,2571.1,-0.007278133
4/4/2014,2562.85,-0.003208743
4/7/2014,2548.55,-0.005579726
4/9/2014,2545.25,-0.001294854
4/10/2014,2534.95,-0.004046754
4/11/2014,2536.4,0.000572003
4/15/2014,2500.95,-0.013976502
4/16/2014,2503.85,0.001159559
4/17/2014,2491.55,-0.004912435
4/21/2014,2489.25,-0.00092312
4/22/2014,2482.35,-0.002771919
4/23/2014,2457.1,-0.010171813
4/25/2014,2442,-0.006145456
4/28/2014,2419,-0.009418509
4/29/2014,2430.45,0.004733361
4/30/2014,2466.3,0.014750355
5/2/2014,2449.4,-0.00685237
5/5/2014,2420.65,-0.011737568
5/6/2014,2380.55,-0.016565798
5/7/2014,2376.45,-0.001722291
5/8/2014,2402.95,0.011151087
5/9/2014,2386.95,-0.006658482
5/12/2014,2383.2,-0.001571043
5/13/2014,2435.55,0.021966264
5/14/2014,2437.75,0.000903287
5/15/2014,2459.45,0.008901651
5/16/2014,2501.25,0.01699567
5/19/2014,2504.05,0.00111944
5/20/2014,2525,0.008366446
5/21/2014,2549.55,0.009722772
5/22/2014,2556.2,0.002608303
5/23/2014,2516.1,-0.015687348
5/26/2014,2484.45,-0.012578991
5/27/2014,2453,-0.012658737
5/28/2014,2428.6,-0.009947004
5/29/2014,2453.25,0.010149881
5/30/2014,2434.75,-0.007541017
6/2/2014,2461.65,0.011048362
6/3/2014,2449.4,-0.004976337
6/4/2014,2446.25,-0.001286029
6/5/2014,2456.3,0.004108329
6/6/2014,2490.8,0.014045516
6/9/2014,2475.35,-0.006202826
6/10/2014,2494.85,0.007877674
6/11/2014,2481.35,-0.005411147
6/12/2014,2514.7,0.013440264
6/13/2014,2488.25,-0.010518153
6/16/2014,2478.55,-0.003898322
6/17/2014,2477.85,-0.000282423
6/18/2014,2477.05,-0.000322861
6/19/2014,2462.55,-0.005853737
6/20/2014,2477.9,0.006233376
6/23/2014,2485.3,0.0029864
6/24/2014,2486.75,0.000583431
6/25/2014,2473.75,-0.005227707
6/26/2014,2463.9,-0.003981809
6/27/2014,2490.7,0.010877065
6/30/2014,2501.6,0.00437628
7/1/2014,2499.7,-0.000759514
7/2/2014,2533.45,0.01350162
7/3/2014,2551.95,0.007302295
7/4/2014,2549.1,-0.001116793
7/7/2014,2551.45,0.000921894
7/8/2014,2508.55,-0.016813969
7/9/2014,2508.5,-1.99E-05
7/10/2014,2481.5,-0.010763404
7/11/2014,2500.4,0.007616361
7/14/2014,2488.2,-0.004879219
7/15/2014,2506.7,0.007435094
7/16/2014,2499.95,-0.002692783
7/17/2014,2505.25,0.002120042
7/18/2014,2491.25,-0.005588265
7/21/2014,2487.65,-0.001445058
7/22/2014,2472.75,-0.005989589
7/23/2014,2487.2,0.005843696
7/24/2014,2482.25,-0.00199019
7/25/2014,2482.3,2.01E-05
7/28/2014,2491.45,0.003686098
7/30/2014,2492.75,0.000521785
7/31/2014,2495.55,0.001123257
8/1/2014,2482.7,-0.005149166
8/4/2014,2480.9,-0.000725017
8/5/2014,2488.95,0.00324479
8/6/2014,2491.85,0.00116515
8/7/2014,2506.1,0.005718643
8/8/2014,2500.6,-0.002194645
8/11/2014,2497.4,-0.001279693
8/12/2014,2518.7,0.00852887
8/13/2014,2494.25,-0.009707389
8/14/2014,2491.75,-0.001002305
8/18/2014,2489.3,-0.000983245
8/19/2014,2492.05,0.001104728
8/20/2014,2505.15,0.005256716
8/21/2014,2501.7,-0.001377163
8/22/2014,2488.65,-0.005216453
8/25/2014,2479.95,-0.003495871
8/26/2014,2481,0.000423396
8/27/2014,2497.4,0.006610238
8/28/2014,2488.65,-0.003503644
9/1/2014,2493.95,0.002129669
9/2/2014,2499.95,0.002405822
9/3/2014,2494.2,-0.002300046
9/4/2014,2488.65,-0.002225162
9/5/2014,2503.2,0.005846543
9/8/2014,2537.65,0.013762384
9/9/2014,2521.8,-0.006245936
9/10/2014,2509,-0.00507574
9/11/2014,2512.25,0.001295337
9/12/2014,2504.6,-0.003045079
9/15/2014,2524.65,0.00800527
9/16/2014,2497.1,-0.010912404
9/17/2014,2504.1,0.002803252
9/18/2014,2510.3,0.002475939
9/19/2014,2500.85,-0.00376449
9/22/2014,2510.75,0.003958654
9/23/2014,2539.9,0.011610077
9/24/2014,2665.1,0.049293279
9/25/2014,2685.5,0.007654497
9/26/2014,2705.3,0.007372929
9/29/2014,2764.05,0.02171663
9/30/2014,2826.75,0.022684105
10/1/2014,2803.1,-0.008366499
10/7/2014,2886.9,0.029895473
10/8/2014,2807.6,-0.027468911
10/9/2014,2775.85,-0.011308591
10/10/2014,2718.8,-0.020552263
10/13/2014,2739.9,0.007760777
10/14/2014,2744.3,0.001605898
10/16/2014,2687.85,-0.020569909
10/17/2014,2702.25,0.005357442
10/20/2014,2707.2,0.001831807
10/21/2014,2716.45,0.003416814
10/22/2014,2709.55,-0.00254008
10/23/2014,2704.1,-0.002011404
10/27/2014,2700.15,-0.001460745
10/28/2014,2701.45,0.000481455
10/29/2014,2679.5,-0.008125266
10/30/2014,2705.8,0.009815264
10/31/2014,2720,0.005247986
11/3/2014,2732.8,0.004705882
11/5/2014,2760.25,0.010044643
11/7/2014,2790.85,0.011085952
11/10/2014,2799.55,0.00311733
11/11/2014,2766.05,-0.011966209
11/12/2014,2843.5,0.028000217
11/13/2014,2840.35,-0.00110779
11/14/2014,2849.25,0.003133417
11/17/2014,2853.1,0.001351233
11/18/2014,2849.75,-0.001174161
11/19/2014,2899.4,0.017422581
11/20/2014,2926.3,0.009277782
11/21/2014,2944.3,0.006151112
11/24/2014,2939.8,-0.001528377
11/25/2014,2873.15,-0.02267161
11/26/2014,2907.75,0.012042532
11/27/2014,2933.7,0.008924426
11/28/2014,2933.8,3.41E-05
12/1/2014,2972.8,0.01329334
12/2/2014,3172.1,0.067041173
12/3/2014,3210.5,0.012105545
12/4/2014,3190.1,-0.00635415
12/5/2014,3193.95,0.001206859
12/8/2014,3213.7,0.006183566
12/9/2014,3159.2,-0.016958646
12/10/2014,3146,-0.004178273
12/11/2014,3091.05,-0.017466624
12/12/2014,3108.85,0.005758561
12/15/2014,3062.5,-0.01490905
12/16/2014,2941.5,-0.039510204
12/17/2014,2876.1,-0.022233554
12/18/2014,2980.15,0.036177463
12/19/2014,2986.25,0.002046877
12/22/2014,2984.95,-0.000435329
12/23/2014,3075.05,0.03018476
12/24/2014,3120.85,0.014894067
12/26/2014,3117.85,-0.000961277
12/29/2014,3156.8,0.012492583
12/30/2014,3187.3,0.009661683
12/31/2014,3198.45,0.003498259
1/1/2015,3169.9,-0.008926199
1/2/2015,3131.9,-0.01198776
1/5/2015,3136.15,0.001357004
1/6/2015,3151.1,0.004766991
1/7/2015,3180.1,0.009203135
1/8/2015,3207.5,0.008616081
1/9/2015,3192.65,-0.004629774
1/12/2015,3192.8,4.70E-05
1/13/2015,3183.95,-0.002771862
1/14/2015,3193.1,0.002873789
1/15/2015,3175.15,-0.005621496
1/16/2015,3205.1,0.009432625
1/19/2015,3173.8,-0.009765686
1/20/2015,3168.95,-0.001528137
1/21/2015,3159.05,-0.003124063
1/22/2015,3154,-0.001598582
1/23/2015,3343.05,0.059939759
1/27/2015,3445.5,0.030645668
1/28/2015,3389.7,-0.016195037
1/29/2015,3444.55,0.016181373
1/30/2015,3390.2,-0.015778549
2/2/2015,3383.2,-0.002064775
2/3/2015,3337.4,-0.013537479
2/4/2015,3349.45,0.003610595
2/5/2015,3301.55,-0.014300855
2/6/2015,3295.95,-0.001696173
2/9/2015,3287.95,-0.002427221
2/10/2015,3322.55,0.010523274
2/11/2015,3295.55,-0.008126289
2/12/2015,3253.4,-0.012789974
2/13/2015,3266.4,0.00399582
2/16/2015,3247.6,-0.005755572
2/18/2015,3245.05,-0.000785195
2/19/2015,3221.3,-0.007318839
2/20/2015,3184.8,-0.011330829
2/23/2015,3131.05,-0.016877041
2/24/2015,3119.6,-0.00365692
2/25/2015,3105.1,-0.004648032
2/26/2015,3098.9,-0.001996715
2/27/2015,3099.95,0.00033883
2/28/2015,3109.25,0.003000048
3/2/2015,3090.4,-0.006062555
3/3/2015,3110.9,0.006633446
3/4/2015,3139.6,0.009225626
3/5/2015,3273.25,0.042569117
3/9/2015,3314.9,0.012724357
3/10/2015,3343.9,0.008748379
3/11/2015,3359.35,0.004620353
3/12/2015,3302.05,-0.017056871
3/13/2015,3304.75,0.000817674
3/16/2015,3286.4,-0.005552614
3/17/2015,3261.6,-0.007546251
3/18/2015,3278.1,0.005058867
3/19/2015,3264.15,-0.004255514
3/20/2015,3255.05,-0.002787862
3/23/2015,3283.15,0.00863274
3/24/2015,3252.75,-0.0092594
3/25/2015,3283.85,0.009561141
3/26/2015,3262.75,-0.006425385
3/27/2015,3274.15,0.003493985
3/30/2015,3285.2,0.003374922
3/31/2015,3425.65,0.042752344
4/1/2015,3353.25,-0.021134675
4/6/2015,3360.1,0.002042794
4/7/2015,3358.9,-0.000357132
4/8/2015,3359.5,0.00017863
4/9/2015,3340.85,-0.005551421
4/10/2015,3314.3,-0.007947079
4/13/2015,3349.75,0.010696075
4/15/2015,3342.95,-0.002030002
4/16/2015,3312.75,-0.009033937
4/17/2015,3273.45,-0.011863256
4/20/2015,3198.4,-0.022926881
4/21/2015,3190.5,-0.002469985
4/22/2015,3199.85,0.002930575
4/23/2015,3197.2,-0.000828164
4/24/2015,3062.65,-0.042083698
4/27/2015,2996.05,-0.021745874
4/28/2015,3038.85,0.014285476
4/29/2015,3140.05,0.033302072
4/30/2015,3183.4,0.013805513
5/4/2015,3175.25,-0.002560156
5/5/2015,3235.5,0.018974884
5/6/2015,3198.1,-0.011559264
5/7/2015,3173.25,-0.007770239
5/8/2015,3185.5,0.003860395
5/11/2015,3187.45,0.000612149
5/12/2015,3193,0.001741204
5/13/2015,3195.4,0.000751644
5/14/2015,3225.4,0.009388496
5/15/2015,3240.2,0.004588578
5/18/2015,3279.45,0.01211345
5/19/2015,3251.4,-0.008553264
5/20/2015,3209.5,-0.012886756
5/21/2015,3210.75,0.000389469
5/22/2015,3192.15,-0.005793039
5/25/2015,3197.75,0.001754304
5/26/2015,3191.5,-0.001954499
5/27/2015,3167.6,-0.007488642
5/28/2015,3200.85,0.010496906
5/29/2015,3228.1,0.008513364
6/1/2015,3247.25,0.005932282
6/2/2015,3297.75,0.015551621
6/3/2015,3218.6,-0.024001213
6/4/2015,3183.9,-0.010781085
6/5/2015,3199.1,0.004774019
6/8/2015,3180.4,-0.005845394
6/9/2015,3194.45,0.004417683
6/10/2015,3224,0.009250419
6/11/2015,3209,-0.004652605
6/12/2015,3233.35,0.007588034
6/15/2015,3258.6,0.007809238
6/16/2015,3279.25,0.006337077
6/17/2015,3325.4,0.01407334
6/18/2015,3313.55,-0.003563481
6/19/2015,3296.9,-0.005024822
6/22/2015,3277.3,-0.005944979
6/23/2015,3269.55,-0.002364751
6/24/2015,3261.15,-0.002569161
6/25/2015,3263.4,0.000689941
6/26/2015,3287.6,0.007415579
6/29/2015,3287.1,-0.000152087
6/30/2015,3348.1,0.018557391
7/1/2015,3323.45,-0.007362385
7/2/2015,3352,0.008590471
7/3/2015,3347.4,-0.001372315
7/6/2015,3353.55,0.001837247
7/7/2015,3406.35,0.01574451
7/8/2015,3460.95,0.016028887
7/9/2015,3417,-0.012698825
7/10/2015,3403.65,-0.003906936
7/13/2015,3410.25,0.001939095
7/14/2015,3417.15,0.002023312
7/15/2015,3423.95,0.001989962
7/16/2015,3420.9,-0.000890784
7/17/2015,3418.7,-0.000643106
7/20/2015,3395.75,-0.006713078
7/21/2015,3378.9,-0.004962085
7/22/2015,3436.9,0.01716535
7/23/2015,3403,-0.00986354
7/24/2015,3388.6,-0.00423156
7/27/2015,3382.3,-0.001859175
7/28/2015,3392.35,0.002971351
7/29/2015,3445.05,0.015534954
7/30/2015,3531.75,0.025166543
7/31/2015,3522.3,-0.002675727
8/3/2015,3592.5,0.019930159
8/4/2015,3694.9,0.028503827
8/5/2015,3754.05,0.016008552
8/6/2015,3730.55,-0.006259906
8/7/2015,3669.85,-0.016271059
8/10/2015,3616.9,-0.014428383
8/11/2015,3612.4,-0.001244159
8/12/2015,3626.9,0.004013952
8/13/2015,3602.75,-0.006658579
8/14/2015,3679.7,0.021358684
8/17/2015,3652.1,-0.007500611
8/18/2015,3664.6,0.003422688
8/19/2015,3620.15,-0.012129564
8/20/2015,3604.15,-0.004419706
8/21/2015,3587.95,-0.004494818
8/24/2015,3409.1,-0.049847406
8/25/2015,3382.25,-0.007875979
8/26/2015,3377.5,-0.001404391
8/27/2015,3370.8,-0.001983716
8/28/2015,3393.45,0.006719473
8/31/2015,3397.25,0.001119804
9/1/2015,3379.5,-0.005224814
9/2/2015,3366.25,-0.003920698
9/3/2015,3389.2,0.006817675
9/4/2015,3368.6,-0.006078131
9/7/2015,3345.05,-0.006991035
9/8/2015,3323.1,-0.006561935
9/9/2015,3319.85,-0.000978002
9/10/2015,3350.9,0.009352832
9/11/2015,3333.75,-0.005118028
9/14/2015,3327,-0.002024747
9/15/2015,3325.5,-0.000450857
9/16/2015,3321.55,-0.001187791
9/18/2015,3349.3,0.008354533
9/21/2015,3348.5,-0.000238856
9/22/2015,3347.65,-0.000253845
9/23/2015,3346.8,-0.000253909
9/24/2015,3371.55,0.007395124
9/28/2015,3317.4,-0.016060862
9/29/2015,3325.75,0.002517031
9/30/2015,3359.55,0.010163121
10/1/2015,3363.95,0.001309699
10/5/2015,3354.9,-0.00269029
10/6/2015,3373.55,0.005559033
10/7/2015,3387.9,0.004253679
10/8/2015,3365.75,-0.006537973
10/9/2015,3319.3,-0.013800787
10/12/2015,3318.45,-0.000256078
10/13/2015,3307.75,-0.003224397
10/14/2015,3300.15,-0.002297634
10/15/2015,3304.65,0.001363574
10/16/2015,3323.55,0.005719214
10/19/2015,3315.75,-0.002346888
10/20/2015,3300.1,-0.004719897
10/21/2015,3303.5,0.001030272
10/23/2015,3321,0.005297412
10/26/2015,3298.5,-0.006775068
10/27/2015,3282.65,-0.004805214
10/28/2015,3282.2,-0.000137084
10/29/2015,3276.75,-0.001660472
10/30/2015,3310.15,0.010193027
11/2/2015,3240,-0.021192393
11/3/2015,3245.8,0.001790123
11/4/2015,3231.75,-0.004328671
11/5/2015,3209.25,-0.006962172
11/6/2015,3212.45,0.000997118
11/9/2015,3231.35,0.00588336
11/10/2015,3140.2,-0.028208025
11/11/2015,3171.75,0.010047131
11/13/2015,3154.25,-0.005517459
11/16/2015,3129.15,-0.007957518
11/17/2015,3129.1,-1.60E-05
11/18/2015,3124.65,-0.001422134
11/19/2015,3151.85,0.008704975
11/20/2015,3198.75,0.01488015
11/23/2015,3232.4,0.010519734
11/24/2015,3255.15,0.007038114
11/26/2015,3284.65,0.009062562
11/27/2015,3278.2,-0.00196368
11/30/2015,3296.25,0.00550607
12/1/2015,3293.5,-0.000834281
12/2/2015,3305.7,0.003704266
12/3/2015,3269.85,-0.010844904
12/4/2015,3284.8,0.004572075
12/7/2015,3276.8,-0.00243546
12/8/2015,3281.6,0.001464844
12/9/2015,3270.25,-0.003458679
12/10/2015,3250.45,-0.006054583
12/11/2015,3244.8,-0.001738221
12/14/2015,3304.1,0.018275394
12/15/2015,3314.1,0.003026543
12/16/2015,3299.4,-0.004435593
12/17/2015,3297.3,-0.000636479
12/18/2015,3275.35,-0.006656962
12/21/2015,3278.15,0.00085487
12/22/2015,3269.95,-0.002501411
12/23/2015,3297.2,0.008333461
12/24/2015,3295.45,-0.000530753
12/28/2015,3279.2,-0.004931041
12/29/2015,3297.05,0.005443401
12/30/2015,3324.2,0.008234634
12/31/2015,3314.05,-0.003053366
1/1/2016,3294.85,-0.005793515
1/4/2016,3258.2,-0.01112342
1/5/2016,3277.8,0.006015591
1/6/2016,3277.05,-0.000228812
1/7/2016,3233.3,-0.013350422
1/8/2016,3295.5,0.019237312
1/11/2016,3230.6,-0.019693521
1/12/2016,3270.05,0.012211354
1/13/2016,3294.1,0.007354628
1/14/2016,3233.1,-0.018517956
1/15/2016,3207.45,-0.007933562
1/18/2016,3162.25,-0.014092192
1/19/2016,3204.4,0.013329117
1/20/2016,3142.85,-0.019207964
1/21/2016,3068.75,-0.023577326
1/22/2016,3159.65,0.029621181
1/25/2016,3184.1,0.007738199
1/27/2016,3230.65,0.014619516
1/28/2016,3229.6,-0.000325012
1/29/2016,3236.4,0.002105524
2/1/2016,3297.2,0.018786306
2/2/2016,3262.2,-0.010615067
2/3/2016,3208.1,-0.0165839
2/4/2016,3226.8,0.005828995
2/5/2016,3306.3,0.024637412
2/8/2016,3296.6,-0.002933793
2/9/2016,3243.7,-0.016046836
2/10/2016,3244.7,0.00030829
2/11/2016,3202.2,-0.013098283
2/12/2016,3222.25,0.00626132
2/15/2016,3215.6,-0.002063775
2/16/2016,3179.8,-0.011133226
2/17/2016,3217.15,0.011746022
2/18/2016,3205.2,-0.003714468
2/19/2016,3223.05,0.005569075
2/22/2016,3228.3,0.001628892
2/23/2016,3227.3,-0.000309761
2/24/2016,3213.8,-0.004183063
2/25/2016,3147.8,-0.020536437
2/26/2016,3146.1,-0.00054006
2/29/2016,3157.4,0.003591749
3/1/2016,3196,0.012225249
3/2/2016,3249,0.016583229
3/3/2016,3198.5,-0.015543244
3/4/2016,3251.35,0.01652337
3/8/2016,3204,-0.014563181
3/9/2016,3249.35,0.014154182
3/10/2016,3230.95,-0.005662671
3/11/2016,3244.85,0.00430214
3/14/2016,3259.9,0.004638119
3/15/2016,3277.5,0.005398939
3/16/2016,3325.05,0.014508009
3/17/2016,3366.4,0.012435903
3/18/2016,3399.6,0.009862167
3/21/2016,3457.5,0.017031415
3/22/2016,3539,0.023571945
3/23/2016,3695.7,0.044278045
3/28/2016,3698.05,0.000635874
3/29/2016,3676.1,-0.005935561
3/30/2016,3772.95,0.026345856
3/31/2016,3814.75,0.011078864
4/1/2016,3811.1,-0.000956812
4/4/2016,3758.05,-0.013919866
4/5/2016,3705.6,-0.013956706
4/6/2016,3720.45,0.004007448
4/7/2016,3675.3,-0.012135629
4/8/2016,3683.2,0.002149484
4/11/2016,3677.65,-0.001506842
4/12/2016,3675.85,-0.000489443
4/13/2016,3737.45,0.016758029
4/18/2016,3713.45,-0.006421491
4/20/2016,3710.5,-0.00079441
4/21/2016,3703.1,-0.00199434
4/22/2016,3666.55,-0.009870109
4/25/2016,3664.05,-0.00068184
4/26/2016,3745,0.022093039
4/27/2016,3768.9,0.006381842
4/28/2016,3746.7,-0.005890313
4/29/2016,3731.4,-0.004083594
5/2/2016,3672.55,-0.01577156
5/3/2016,3626.2,-0.012620659
5/4/2016,3627.7,0.000413656
5/5/2016,3609.4,-0.005044519
5/6/2016,3582.25,-0.007522026
5/9/2016,3592.1,0.002749669
5/10/2016,3533.85,-0.016216141
5/11/2016,3536.75,0.000820635
5/12/2016,3467.65,-0.019537711
5/13/2016,3415.1,-0.015154355
5/16/2016,3435.4,0.005944189
5/17/2016,3417.6,-0.005181347
5/18/2016,3388.7,-0.008456227
5/19/2016,3345.2,-0.012836781
5/20/2016,3390.9,0.013661366
5/23/2016,3378.3,-0.003715828
5/24/2016,3403.55,0.007474173
5/25/2016,3436,0.009534163
5/26/2016,3505.7,0.020285215
5/27/2016,3528.35,0.006460907
5/30/2016,3572.25,0.012442076
5/31/2016,3554.45,-0.004982854
6/1/2016,3532.3,-0.006231625
6/2/2016,3533.9,0.000452963
6/3/2016,3538.6,0.001329975
6/6/2016,3516.75,-0.006174758
6/7/2016,3524.8,0.002289045
6/8/2016,3519.6,-0.001475261
6/9/2016,3504.6,-0.004261848
6/10/2016,3496.95,-0.002182845
6/13/2016,3498.55,0.000457542
6/14/2016,3491.15,-0.002115162
6/15/2016,3519.3,0.008063246
6/16/2016,3483.8,-0.010087233
6/17/2016,3527.45,0.012529422
6/20/2016,3498.85,-0.00810784
6/21/2016,3514.3,0.004415737
6/22/2016,3457.55,-0.016148308
6/23/2016,3416.2,-0.011959335
6/24/2016,3475.25,0.017285288
6/27/2016,3490.15,0.004287461
6/28/2016,3503.85,0.003925333
6/29/2016,3499.75,-0.001170141
6/30/2016,3487.4,-0.003528823
7/1/2016,3468.9,-0.005304812
7/4/2016,3503.1,0.009859033
7/5/2016,3495.15,-0.002269419
7/7/2016,3519.3,0.006909575
7/8/2016,3487.8,-0.008950644
7/11/2016,3519.6,0.009117495
7/12/2016,3512.6,-0.001988862
7/13/2016,3505.4,-0.002049764
7/14/2016,3522.05,0.004749815
7/15/2016,3458.95,-0.017915703
7/18/2016,3412.4,-0.013457841
7/19/2016,3428.45,0.004703435
7/20/2016,3401.1,-0.007977366
7/21/2016,3396.85,-0.001249596
7/22/2016,3399.1,0.000662378
7/25/2016,3410.1,0.003236151
7/26/2016,3390.85,-0.005644996
7/27/2016,3366.4,-0.007210581
7/28/2016,3346.5,-0.005911359
7/29/2016,3314.95,-0.00942776
8/1/2016,3222.55,-0.027873724
8/2/2016,3198.5,-0.007463034
8/3/2016,3142.65,-0.01746131
8/4/2016,3094.25,-0.015401015
8/5/2016,3140.5,0.014947079
8/8/2016,3121.1,-0.00617736
8/9/2016,3108.2,-0.004133158
8/10/2016,3063.5,-0.014381314
8/11/2016,3119.8,0.018377673
8/12/2016,3118.85,-0.000304507
8/16/2016,3050.9,-0.021786877
8/17/2016,3168.45,0.038529614
8/18/2016,3143.05,-0.008016538
8/19/2016,3121.6,-0.006824581
8/22/2016,3075.6,-0.014736033
8/23/2016,3081.95,0.002064638
8/24/2016,3051.15,-0.009993673
8/25/2016,3012.65,-0.012618193
8/26/2016,2981.7,-0.010273347
8/29/2016,2979.25,-0.000821679
8/30/2016,3010.45,0.010472434
8/31/2016,3033.95,0.007806142
9/1/2016,2985.15,-0.016084642
9/2/2016,2974.05,-0.003718406
9/6/2016,3000.05,0.008742287
9/7/2016,3010.6,0.003516608
9/8/2016,3003.4,-0.00239155
9/9/2016,3001.05,-0.000782447
9/12/2016,2986.35,-0.004898286
9/14/2016,2957.25,-0.009744337
9/15/2016,2968.25,0.003719672
9/16/2016,2826.45,-0.047772256
9/19/2016,2841.5,0.005324701
9/20/2016,2828.8,-0.00446947
9/21/2016,2810.55,-0.006451499
9/22/2016,2794.85,-0.005586095
9/23/2016,2805.25,0.00372113
9/26/2016,2798.35,-0.002459674
9/27/2016,2822.9,0.008773027
9/28/2016,2839.75,0.005969039
9/29/2016,2807.25,-0.011444669
9/30/2016,2780.95,-0.009368599
10/3/2016,2820.1,0.014077923
10/4/2016,2868.35,0.017109322
10/5/2016,2874.6,0.002178953
10/6/2016,2918.9,0.01541084
10/7/2016,2919.6,0.000239816
10/10/2016,2927.3,0.002637348
10/13/2016,2937.65,0.003535681
10/14/2016,2956.25,0.006331592
10/17/2016,2975.4,0.006477801
10/18/2016,2971.1,-0.001445184
10/19/2016,2977.25,0.00206994
10/20/2016,2980.4,0.001058023
10/21/2016,2966.35,-0.004714132
10/24/2016,2961.8,-0.001533872
10/25/2016,2952.25,-0.003224391
10/26/2016,2924.95,-0.009247184
10/27/2016,2924.85,-3.42E-05
10/28/2016,2910.1,-0.005042994
10/30/2016,2943.65,0.011528813
11/1/2016,2856.2,-0.029708016
11/2/2016,2820.8,-0.01239409
11/3/2016,2818.3,-0.000886273
11/4/2016,2800.75,-0.006227158
11/7/2016,2786.7,-0.005016513
11/8/2016,2722.05,-0.023199483
11/9/2016,2654.55,-0.024797487
11/10/2016,2611.7,-0.016142096
11/11/2016,2643.9,0.012329134
11/15/2016,2658.3,0.005446499
11/16/2016,2669.45,0.00419441
11/17/2016,2695.5,0.009758564
11/18/2016,2711.6,0.005972918
11/21/2016,2689.5,-0.00815017
11/22/2016,2610.1,-0.029522216
11/23/2016,2656.3,0.017700471
11/24/2016,2665,0.003275232
11/25/2016,2678.5,0.005065666
11/28/2016,2725.75,0.01764047
11/29/2016,2684.3,-0.015206824
11/30/2016,2714.2,0.011138844
12/1/2016,2683.7,-0.011237197
12/2/2016,2721.55,0.014103663
12/5/2016,2773.5,0.019088387
12/6/2016,2770.2,-0.001189832
12/7/2016,2734.65,-0.012833008
12/8/2016,2739.45,0.001755252
12/9/2016,2738.05,-0.000511051
12/12/2016,2735.75,-0.000840014
12/13/2016,2735.85,3.66E-05
12/14/2016,2739.5,0.001334137
12/15/2016,2741.25,0.000638803
12/16/2016,2712.3,-0.010560876
12/19/2016,2712.95,0.000239649
12/20/2016,2709.95,-0.001105807
12/21/2016,2724.35,0.005313751
12/22/2016,2713.5,-0.003982601
12/23/2016,2727,0.004975124
12/26/2016,2723.5,-0.001283462
12/27/2016,2701.75,-0.007986047
12/28/2016,2702.15,0.000148052
12/29/2016,2727.9,0.009529449
12/30/2016,2729.8,0.000696506
